<?xml version="1.0"?>
<ArrayOfEvent xmlns:xsd="http://www.w3.org/2001/XMLSchema" xmlns:xsi="http://www.w3.org/2001/XMLSchema-instance">
  <Event>
    <EventId>0</EventId>
    <Date>2018-01-24T22:57:39.4173449+04:00</Date>
    <Broker>Rokolabs</Broker>
    <InteractionType>Conference</InteractionType>
    <MeetingTypes>
      <MeetingTypes>OneByOne</MeetingTypes>
      <MeetingTypes>TwoByOne</MeetingTypes>
      <MeetingTypes>ThreeByOne</MeetingTypes>
      <MeetingTypes>Annotated</MeetingTypes>
      <MeetingTypes>Call</MeetingTypes>
      <MeetingTypes>Email</MeetingTypes>
      <MeetingTypes>EmailGroup</MeetingTypes>
      <MeetingTypes>Im</MeetingTypes>
      <MeetingTypes>PrivateMeeting</MeetingTypes>
      <MeetingTypes>Survey</MeetingTypes>
      <MeetingTypes>VideoConference</MeetingTypes>
      <MeetingTypes>VoiceMail</MeetingTypes>
      <MeetingTypes>Na</MeetingTypes>
      <MeetingTypes>Other</MeetingTypes>
    </MeetingTypes>
    <Title>eventnumberone</Title>
    <Location>
      <Country>Russia</Country>
      <City>Saratov</City>
    </Location>
    <Companies>
      <Company>
        <Id>115</Id>
        <Name>Rokolabs</Name>
        <Ticker>ROKO</Ticker>
      </Company>
      <Company>
        <Id>116</Id>
        <Name>Google Inc</Name>
        <Ticker>GGL</Ticker>
      </Company>
    </Companies>
    <InvestorAttendees>
      <User>
        <Id>1000004</Id>
        <Username>John</Username>
      </User>
      <User>
        <Id>1000006</Id>
        <Username>Angelica</Username>
      </User>
      <User>
        <Id>1000007</Id>
        <Username>Aleksandr</Username>
      </User>
    </InvestorAttendees>
    <BrokerAttendees>
      <User>
        <Id>1000004</Id>
        <Username>John</Username>
      </User>
      <User>
        <Id>1000005</Id>
        <Username>Vovan</Username>
      </User>
      <User>
        <Id>1000006</Id>
        <Username>Angelica</Username>
      </User>
      <User>
        <Id>1000008</Id>
        <Username>Gertruda</Username>
      </User>
    </BrokerAttendees>
    <Duration>6711</Duration>
    <Sectors>
      <Sectors>Energy</Sectors>
      <Sectors>Financials</Sectors>
      <Sectors>Macro</Sectors>
      <Sectors>Materials</Sectors>
      <Sectors>Other</Sectors>
    </Sectors>
    <AddressType>None</AddressType>
    <Created>2018-01-30T05:57:39.4098253+04:00</Created>
    <Updated>2018-01-29T22:57:39.4178464+04:00</Updated>
  </Event>
  <Event>
    <EventId>0</EventId>
    <Date>2018-01-25T22:57:39.4178464+04:00</Date>
    <Broker>Rokolabs</Broker>
    <InteractionType>Ndr</InteractionType>
    <MeetingTypes>
      <MeetingTypes>OneByOne</MeetingTypes>
      <MeetingTypes>ThreeByOne</MeetingTypes>
      <MeetingTypes>Annotated</MeetingTypes>
      <MeetingTypes>Call</MeetingTypes>
      <MeetingTypes>Email</MeetingTypes>
      <MeetingTypes>Group</MeetingTypes>
      <MeetingTypes>EmailGroup</MeetingTypes>
      <MeetingTypes>Im</MeetingTypes>
      <MeetingTypes>PrivateMeeting</MeetingTypes>
      <MeetingTypes>Survey</MeetingTypes>
      <MeetingTypes>VideoConference</MeetingTypes>
      <MeetingTypes>VoiceMail</MeetingTypes>
      <MeetingTypes>Na</MeetingTypes>
      <MeetingTypes>Other</MeetingTypes>
    </MeetingTypes>
    <Title>eventnumbertwo</Title>
    <Location>
      <Country>Russia</Country>
      <City>Samara</City>
    </Location>
    <Companies>
      <Company>
        <Id>115</Id>
        <Name>Rokolabs</Name>
        <Ticker>ROKO</Ticker>
      </Company>
    </Companies>
    <InvestorAttendees>
      <User>
        <Id>1000001</Id>
        <Username>Vasya</Username>
      </User>
      <User>
        <Id>1000002</Id>
        <Username>Petya</Username>
      </User>
      <User>
        <Id>1000003</Id>
        <Username>Janetta</Username>
      </User>
      <User>
        <Id>1000007</Id>
        <Username>Aleksandr</Username>
      </User>
    </InvestorAttendees>
    <BrokerAttendees>
      <User>
        <Id>1000001</Id>
        <Username>Vasya</Username>
      </User>
      <User>
        <Id>1000002</Id>
        <Username>Petya</Username>
      </User>
      <User>
        <Id>1000003</Id>
        <Username>Janetta</Username>
      </User>
      <User>
        <Id>1000005</Id>
        <Username>Vovan</Username>
      </User>
      <User>
        <Id>1000006</Id>
        <Username>Angelica</Username>
      </User>
      <User>
        <Id>1000007</Id>
        <Username>Aleksandr</Username>
      </User>
      <User>
        <Id>1000008</Id>
        <Username>Gertruda</Username>
      </User>
    </BrokerAttendees>
    <Duration>4681</Duration>
    <Sectors>
      <Sectors>ConsumerDiscretionary</Sectors>
      <Sectors>Energy</Sectors>
      <Sectors>Financials</Sectors>
      <Sectors>HealthCare</Sectors>
      <Sectors>InformationTechnology</Sectors>
      <Sectors>Macro</Sectors>
      <Sectors>Materials</Sectors>
      <Sectors>RealEstate</Sectors>
      <Sectors>TelecommunicationServices</Sectors>
    </Sectors>
    <AddressType>Home</AddressType>
    <Created>2018-01-29T05:57:39.4178464+04:00</Created>
    <Updated>2018-01-29T22:57:39.4178464+04:00</Updated>
  </Event>
  <Event>
    <EventId>0</EventId>
    <Date>2018-01-26T22:57:39.4178464+04:00</Date>
    <Broker>Rokolabs</Broker>
    <InteractionType>IndustryEvent</InteractionType>
    <MeetingTypes>
      <MeetingTypes>OneByOne</MeetingTypes>
      <MeetingTypes>TwoByOne</MeetingTypes>
      <MeetingTypes>ThreeByOne</MeetingTypes>
      <MeetingTypes>Annotated</MeetingTypes>
      <MeetingTypes>Call</MeetingTypes>
      <MeetingTypes>Email</MeetingTypes>
      <MeetingTypes>Group</MeetingTypes>
      <MeetingTypes>EmailGroup</MeetingTypes>
      <MeetingTypes>Im</MeetingTypes>
      <MeetingTypes>PrivateMeeting</MeetingTypes>
      <MeetingTypes>Survey</MeetingTypes>
      <MeetingTypes>VideoConference</MeetingTypes>
      <MeetingTypes>VoiceMail</MeetingTypes>
      <MeetingTypes>Other</MeetingTypes>
    </MeetingTypes>
    <Title>eventnumberthree</Title>
    <Location>
      <Country>USA</Country>
      <City>New York</City>
    </Location>
    <Companies>
      <Company>
        <Id>115</Id>
        <Name>Rokolabs</Name>
        <Ticker>ROKO</Ticker>
      </Company>
      <Company>
        <Id>117</Id>
        <Name>McDonalds</Name>
        <Ticker>MCDAC</Ticker>
      </Company>
    </Companies>
    <InvestorAttendees>
      <User>
        <Id>1000002</Id>
        <Username>Petya</Username>
      </User>
      <User>
        <Id>1000003</Id>
        <Username>Janetta</Username>
      </User>
      <User>
        <Id>1000004</Id>
        <Username>John</Username>
      </User>
      <User>
        <Id>1000005</Id>
        <Username>Vovan</Username>
      </User>
      <User>
        <Id>1000008</Id>
        <Username>Gertruda</Username>
      </User>
    </InvestorAttendees>
    <BrokerAttendees>
      <User>
        <Id>1000001</Id>
        <Username>Vasya</Username>
      </User>
      <User>
        <Id>1000002</Id>
        <Username>Petya</Username>
      </User>
      <User>
        <Id>1000003</Id>
        <Username>Janetta</Username>
      </User>
      <User>
        <Id>1000004</Id>
        <Username>John</Username>
      </User>
      <User>
        <Id>1000005</Id>
        <Username>Vovan</Username>
      </User>
      <User>
        <Id>1000006</Id>
        <Username>Angelica</Username>
      </User>
      <User>
        <Id>1000007</Id>
        <Username>Aleksandr</Username>
      </User>
      <User>
        <Id>1000008</Id>
        <Username>Gertruda</Username>
      </User>
    </BrokerAttendees>
    <Duration>615</Duration>
    <Sectors>
      <Sectors>ConsumerDiscretionary</Sectors>
      <Sectors>Energy</Sectors>
      <Sectors>Financials</Sectors>
      <Sectors>HealthCare</Sectors>
      <Sectors>Industrials</Sectors>
      <Sectors>InformationTechnology</Sectors>
      <Sectors>Materials</Sectors>
      <Sectors>RealEstate</Sectors>
      <Sectors>TelecommunicationServices</Sectors>
      <Sectors>Utilities</Sectors>
    </Sectors>
    <AddressType>Away</AddressType>
    <Created>2018-01-28T01:57:39.4178464+04:00</Created>
    <Updated>2018-01-29T22:57:39.4178464+04:00</Updated>
  </Event>
  <Event>
    <EventId>0</EventId>
    <Date>2018-01-27T22:57:39.4178464+04:00</Date>
    <Broker>Rokolabs</Broker>
    <InteractionType>FieldTrips</InteractionType>
    <MeetingTypes>
      <MeetingTypes>OneByOne</MeetingTypes>
      <MeetingTypes>TwoByOne</MeetingTypes>
      <MeetingTypes>ThreeByOne</MeetingTypes>
      <MeetingTypes>Annotated</MeetingTypes>
      <MeetingTypes>Call</MeetingTypes>
      <MeetingTypes>Email</MeetingTypes>
      <MeetingTypes>Group</MeetingTypes>
      <MeetingTypes>PrivateMeeting</MeetingTypes>
      <MeetingTypes>Survey</MeetingTypes>
      <MeetingTypes>VideoConference</MeetingTypes>
      <MeetingTypes>VoiceMail</MeetingTypes>
      <MeetingTypes>Na</MeetingTypes>
      <MeetingTypes>Other</MeetingTypes>
    </MeetingTypes>
    <Title>eventnumberfour</Title>
    <Location>
      <Country>Russia</Country>
      <City>Saratov</City>
    </Location>
    <Companies>
      <Company>
        <Id>118</Id>
        <Name>Vector</Name>
        <Ticker>VCT</Ticker>
      </Company>
    </Companies>
    <InvestorAttendees>
      <User>
        <Id>1000003</Id>
        <Username>Janetta</Username>
      </User>
      <User>
        <Id>1000005</Id>
        <Username>Vovan</Username>
      </User>
    </InvestorAttendees>
    <BrokerAttendees>
      <User>
        <Id>1000002</Id>
        <Username>Petya</Username>
      </User>
      <User>
        <Id>1000004</Id>
        <Username>John</Username>
      </User>
      <User>
        <Id>1000005</Id>
        <Username>Vovan</Username>
      </User>
      <User>
        <Id>1000006</Id>
        <Username>Angelica</Username>
      </User>
      <User>
        <Id>1000007</Id>
        <Username>Aleksandr</Username>
      </User>
      <User>
        <Id>1000008</Id>
        <Username>Gertruda</Username>
      </User>
    </BrokerAttendees>
    <Duration>958</Duration>
    <Sectors>
      <Sectors>Financials</Sectors>
      <Sectors>Industrials</Sectors>
      <Sectors>InformationTechnology</Sectors>
      <Sectors>Macro</Sectors>
      <Sectors>Other</Sectors>
      <Sectors>TelecommunicationServices</Sectors>
    </Sectors>
    <AddressType>Both</AddressType>
    <Created>2018-01-27T08:57:39.4178464+04:00</Created>
    <Updated>2018-01-29T22:57:39.4178464+04:00</Updated>
  </Event>
  <Event>
    <EventId>0</EventId>
    <Date>2018-01-28T22:57:39.4178464+04:00</Date>
    <Broker>Rokolabs</Broker>
    <InteractionType>CompanyEvents</InteractionType>
    <MeetingTypes>
      <MeetingTypes>OneByOne</MeetingTypes>
      <MeetingTypes>ThreeByOne</MeetingTypes>
      <MeetingTypes>Annotated</MeetingTypes>
      <MeetingTypes>Call</MeetingTypes>
      <MeetingTypes>Email</MeetingTypes>
      <MeetingTypes>Group</MeetingTypes>
      <MeetingTypes>EmailGroup</MeetingTypes>
      <MeetingTypes>Im</MeetingTypes>
      <MeetingTypes>PrivateMeeting</MeetingTypes>
      <MeetingTypes>VideoConference</MeetingTypes>
      <MeetingTypes>VoiceMail</MeetingTypes>
      <MeetingTypes>Na</MeetingTypes>
    </MeetingTypes>
    <Title>eventnumberfive</Title>
    <Location>
      <Country>Russia</Country>
      <City>Samara</City>
    </Location>
    <Companies>
      <Company>
        <Id>115</Id>
        <Name>Rokolabs</Name>
        <Ticker>ROKO</Ticker>
      </Company>
      <Company>
        <Id>118</Id>
        <Name>Vector</Name>
        <Ticker>VCT</Ticker>
      </Company>
    </Companies>
    <InvestorAttendees>
      <User>
        <Id>1000004</Id>
        <Username>John</Username>
      </User>
    </InvestorAttendees>
    <BrokerAttendees>
      <User>
        <Id>1000001</Id>
        <Username>Vasya</Username>
      </User>
      <User>
        <Id>1000003</Id>
        <Username>Janetta</Username>
      </User>
      <User>
        <Id>1000004</Id>
        <Username>John</Username>
      </User>
      <User>
        <Id>1000005</Id>
        <Username>Vovan</Username>
      </User>
      <User>
        <Id>1000006</Id>
        <Username>Angelica</Username>
      </User>
      <User>
        <Id>1000007</Id>
        <Username>Aleksandr</Username>
      </User>
    </BrokerAttendees>
    <Duration>93</Duration>
    <Sectors>
      <Sectors>ConsumerDiscretionary</Sectors>
      <Sectors>HealthCare</Sectors>
      <Sectors>Industrials</Sectors>
      <Sectors>InformationTechnology</Sectors>
      <Sectors>Macro</Sectors>
      <Sectors>Other</Sectors>
      <Sectors>TelecommunicationServices</Sectors>
      <Sectors>Utilities</Sectors>
    </Sectors>
    <AddressType>None</AddressType>
    <Created>2018-01-25T22:57:39.4178464+04:00</Created>
    <Updated>2018-01-29T22:57:39.4178464+04:00</Updated>
  </Event>
  <Event>
    <EventId>0</EventId>
    <Date>2018-01-29T22:57:39.4178464+04:00</Date>
    <Broker>Rokolabs</Broker>
    <InteractionType>Sales</InteractionType>
    <MeetingTypes>
      <MeetingTypes>TwoByOne</MeetingTypes>
      <MeetingTypes>ThreeByOne</MeetingTypes>
      <MeetingTypes>Annotated</MeetingTypes>
      <MeetingTypes>Call</MeetingTypes>
      <MeetingTypes>Email</MeetingTypes>
      <MeetingTypes>Group</MeetingTypes>
      <MeetingTypes>Im</MeetingTypes>
      <MeetingTypes>PrivateMeeting</MeetingTypes>
      <MeetingTypes>Survey</MeetingTypes>
      <MeetingTypes>VoiceMail</MeetingTypes>
      <MeetingTypes>Na</MeetingTypes>
      <MeetingTypes>Other</MeetingTypes>
    </MeetingTypes>
    <Title>eventnumbersix</Title>
    <Location>
      <Country>USA</Country>
      <City>New York</City>
    </Location>
    <Companies>
      <Company>
        <Id>115</Id>
        <Name>Rokolabs</Name>
        <Ticker>ROKO</Ticker>
      </Company>
      <Company>
        <Id>117</Id>
        <Name>McDonalds</Name>
        <Ticker>MCDAC</Ticker>
      </Company>
    </Companies>
    <InvestorAttendees>
      <User>
        <Id>1000002</Id>
        <Username>Petya</Username>
      </User>
      <User>
        <Id>1000004</Id>
        <Username>John</Username>
      </User>
      <User>
        <Id>1000005</Id>
        <Username>Vovan</Username>
      </User>
    </InvestorAttendees>
    <BrokerAttendees>
      <User>
        <Id>1000002</Id>
        <Username>Petya</Username>
      </User>
      <User>
        <Id>1000004</Id>
        <Username>John</Username>
      </User>
      <User>
        <Id>1000006</Id>
        <Username>Angelica</Username>
      </User>
      <User>
        <Id>1000007</Id>
        <Username>Aleksandr</Username>
      </User>
      <User>
        <Id>1000008</Id>
        <Username>Gertruda</Username>
      </User>
    </BrokerAttendees>
    <Duration>7415</Duration>
    <Sectors>
      <Sectors>ConsumerDiscretionary</Sectors>
      <Sectors>Financials</Sectors>
      <Sectors>HealthCare</Sectors>
      <Sectors>Industrials</Sectors>
      <Sectors>InformationTechnology</Sectors>
      <Sectors>RealEstate</Sectors>
      <Sectors>TelecommunicationServices</Sectors>
      <Sectors>Utilities</Sectors>
    </Sectors>
    <AddressType>Home</AddressType>
    <Created>2018-01-24T22:57:39.4178464+04:00</Created>
    <Updated>2018-01-29T22:57:39.4178464+04:00</Updated>
  </Event>
  <Event>
    <EventId>0</EventId>
    <Date>2018-01-30T22:57:39.4178464+04:00</Date>
    <Broker>Rokolabs</Broker>
    <InteractionType>Other</InteractionType>
    <MeetingTypes>
      <MeetingTypes>TwoByOne</MeetingTypes>
      <MeetingTypes>ThreeByOne</MeetingTypes>
      <MeetingTypes>Annotated</MeetingTypes>
      <MeetingTypes>Call</MeetingTypes>
      <MeetingTypes>Email</MeetingTypes>
      <MeetingTypes>Group</MeetingTypes>
      <MeetingTypes>EmailGroup</MeetingTypes>
      <MeetingTypes>Im</MeetingTypes>
      <MeetingTypes>PrivateMeeting</MeetingTypes>
      <MeetingTypes>Survey</MeetingTypes>
      <MeetingTypes>VideoConference</MeetingTypes>
      <MeetingTypes>VoiceMail</MeetingTypes>
      <MeetingTypes>Na</MeetingTypes>
    </MeetingTypes>
    <Title>eventnumberseven</Title>
    <Location>
      <Country>Russia</Country>
      <City>Saratov</City>
    </Location>
    <Companies>
      <Company>
        <Id>115</Id>
        <Name>Rokolabs</Name>
        <Ticker>ROKO</Ticker>
      </Company>
      <Company>
        <Id>117</Id>
        <Name>McDonalds</Name>
        <Ticker>MCDAC</Ticker>
      </Company>
    </Companies>
    <InvestorAttendees>
      <User>
        <Id>1000001</Id>
        <Username>Vasya</Username>
      </User>
      <User>
        <Id>1000005</Id>
        <Username>Vovan</Username>
      </User>
    </InvestorAttendees>
    <BrokerAttendees>
      <User>
        <Id>1000001</Id>
        <Username>Vasya</Username>
      </User>
      <User>
        <Id>1000002</Id>
        <Username>Petya</Username>
      </User>
      <User>
        <Id>1000003</Id>
        <Username>Janetta</Username>
      </User>
      <User>
        <Id>1000004</Id>
        <Username>John</Username>
      </User>
      <User>
        <Id>1000005</Id>
        <Username>Vovan</Username>
      </User>
      <User>
        <Id>1000007</Id>
        <Username>Aleksandr</Username>
      </User>
      <User>
        <Id>1000008</Id>
        <Username>Gertruda</Username>
      </User>
    </BrokerAttendees>
    <Duration>908</Duration>
    <Sectors>
      <Sectors>Financials</Sectors>
      <Sectors>HealthCare</Sectors>
      <Sectors>InformationTechnology</Sectors>
      <Sectors>Macro</Sectors>
      <Sectors>Materials</Sectors>
      <Sectors>Other</Sectors>
      <Sectors>RealEstate</Sectors>
      <Sectors>TelecommunicationServices</Sectors>
      <Sectors>Utilities</Sectors>
    </Sectors>
    <AddressType>Away</AddressType>
    <Created>2018-01-23T23:57:39.4178464+04:00</Created>
    <Updated>2018-01-29T22:57:39.4178464+04:00</Updated>
  </Event>
  <Event>
    <EventId>0</EventId>
    <Date>2018-01-31T22:57:39.4178464+04:00</Date>
    <Broker>Rokolabs</Broker>
    <InteractionType>Conference</InteractionType>
    <MeetingTypes>
      <MeetingTypes>TwoByOne</MeetingTypes>
      <MeetingTypes>Annotated</MeetingTypes>
      <MeetingTypes>Email</MeetingTypes>
      <MeetingTypes>Group</MeetingTypes>
      <MeetingTypes>EmailGroup</MeetingTypes>
      <MeetingTypes>Im</MeetingTypes>
      <MeetingTypes>PrivateMeeting</MeetingTypes>
      <MeetingTypes>VideoConference</MeetingTypes>
      <MeetingTypes>VoiceMail</MeetingTypes>
      <MeetingTypes>Na</MeetingTypes>
      <MeetingTypes>Other</MeetingTypes>
    </MeetingTypes>
    <Title>eventnumbereight</Title>
    <Location>
      <Country>Russia</Country>
      <City>Samara</City>
    </Location>
    <Companies>
      <Company>
        <Id>115</Id>
        <Name>Rokolabs</Name>
        <Ticker>ROKO</Ticker>
      </Company>
      <Company>
        <Id>117</Id>
        <Name>McDonalds</Name>
        <Ticker>MCDAC</Ticker>
      </Company>
      <Company>
        <Id>118</Id>
        <Name>Vector</Name>
        <Ticker>VCT</Ticker>
      </Company>
    </Companies>
    <InvestorAttendees />
    <BrokerAttendees>
      <User>
        <Id>1000001</Id>
        <Username>Vasya</Username>
      </User>
      <User>
        <Id>1000002</Id>
        <Username>Petya</Username>
      </User>
      <User>
        <Id>1000003</Id>
        <Username>Janetta</Username>
      </User>
      <User>
        <Id>1000004</Id>
        <Username>John</Username>
      </User>
      <User>
        <Id>1000005</Id>
        <Username>Vovan</Username>
      </User>
      <User>
        <Id>1000007</Id>
        <Username>Aleksandr</Username>
      </User>
      <User>
        <Id>1000008</Id>
        <Username>Gertruda</Username>
      </User>
    </BrokerAttendees>
    <Duration>5260</Duration>
    <Sectors>
      <Sectors>ConsumerDiscretionary</Sectors>
      <Sectors>Energy</Sectors>
      <Sectors>Financials</Sectors>
      <Sectors>RealEstate</Sectors>
      <Sectors>TelecommunicationServices</Sectors>
      <Sectors>Utilities</Sectors>
    </Sectors>
    <AddressType>Both</AddressType>
    <Created>2018-01-22T22:57:39.4178464+04:00</Created>
    <Updated>2018-01-29T22:57:39.4178464+04:00</Updated>
  </Event>
  <Event>
    <EventId>0</EventId>
    <Date>2018-02-01T22:57:39.4178464+04:00</Date>
    <Broker>Rokolabs</Broker>
    <InteractionType>Ndr</InteractionType>
    <MeetingTypes>
      <MeetingTypes>OneByOne</MeetingTypes>
      <MeetingTypes>TwoByOne</MeetingTypes>
      <MeetingTypes>ThreeByOne</MeetingTypes>
      <MeetingTypes>Annotated</MeetingTypes>
      <MeetingTypes>Email</MeetingTypes>
      <MeetingTypes>EmailGroup</MeetingTypes>
      <MeetingTypes>Im</MeetingTypes>
      <MeetingTypes>PrivateMeeting</MeetingTypes>
      <MeetingTypes>Survey</MeetingTypes>
      <MeetingTypes>VideoConference</MeetingTypes>
      <MeetingTypes>VoiceMail</MeetingTypes>
      <MeetingTypes>Other</MeetingTypes>
    </MeetingTypes>
    <Title>eventnumbernine</Title>
    <Location>
      <Country>USA</Country>
      <City>New York</City>
    </Location>
    <Companies>
      <Company>
        <Id>116</Id>
        <Name>Google Inc</Name>
        <Ticker>GGL</Ticker>
      </Company>
      <Company>
        <Id>118</Id>
        <Name>Vector</Name>
        <Ticker>VCT</Ticker>
      </Company>
    </Companies>
    <InvestorAttendees>
      <User>
        <Id>1000007</Id>
        <Username>Aleksandr</Username>
      </User>
    </InvestorAttendees>
    <BrokerAttendees>
      <User>
        <Id>1000001</Id>
        <Username>Vasya</Username>
      </User>
      <User>
        <Id>1000002</Id>
        <Username>Petya</Username>
      </User>
      <User>
        <Id>1000006</Id>
        <Username>Angelica</Username>
      </User>
      <User>
        <Id>1000008</Id>
        <Username>Gertruda</Username>
      </User>
    </BrokerAttendees>
    <Duration>6010</Duration>
    <Sectors>
      <Sectors>Industrials</Sectors>
      <Sectors>InformationTechnology</Sectors>
      <Sectors>Macro</Sectors>
      <Sectors>Other</Sectors>
      <Sectors>RealEstate</Sectors>
      <Sectors>TelecommunicationServices</Sectors>
      <Sectors>Utilities</Sectors>
    </Sectors>
    <AddressType>None</AddressType>
    <Created>2018-01-22T13:57:39.4178464+04:00</Created>
    <Updated>2018-01-29T22:57:39.4178464+04:00</Updated>
  </Event>
  <Event>
    <EventId>0</EventId>
    <Date>2018-02-02T22:57:39.4178464+04:00</Date>
    <Broker>Rokolabs</Broker>
    <InteractionType>IndustryEvent</InteractionType>
    <MeetingTypes>
      <MeetingTypes>OneByOne</MeetingTypes>
      <MeetingTypes>TwoByOne</MeetingTypes>
      <MeetingTypes>ThreeByOne</MeetingTypes>
      <MeetingTypes>Email</MeetingTypes>
      <MeetingTypes>Group</MeetingTypes>
      <MeetingTypes>EmailGroup</MeetingTypes>
      <MeetingTypes>Im</MeetingTypes>
      <MeetingTypes>PrivateMeeting</MeetingTypes>
      <MeetingTypes>Survey</MeetingTypes>
      <MeetingTypes>VideoConference</MeetingTypes>
      <MeetingTypes>Na</MeetingTypes>
      <MeetingTypes>Other</MeetingTypes>
    </MeetingTypes>
    <Title>eventnumberten</Title>
    <Location>
      <Country>Russia</Country>
      <City>Saratov</City>
    </Location>
    <Companies>
      <Company>
        <Id>115</Id>
        <Name>Rokolabs</Name>
        <Ticker>ROKO</Ticker>
      </Company>
      <Company>
        <Id>116</Id>
        <Name>Google Inc</Name>
        <Ticker>GGL</Ticker>
      </Company>
      <Company>
        <Id>117</Id>
        <Name>McDonalds</Name>
        <Ticker>MCDAC</Ticker>
      </Company>
      <Company>
        <Id>118</Id>
        <Name>Vector</Name>
        <Ticker>VCT</Ticker>
      </Company>
    </Companies>
    <InvestorAttendees>
      <User>
        <Id>1000001</Id>
        <Username>Vasya</Username>
      </User>
      <User>
        <Id>1000002</Id>
        <Username>Petya</Username>
      </User>
      <User>
        <Id>1000003</Id>
        <Username>Janetta</Username>
      </User>
      <User>
        <Id>1000006</Id>
        <Username>Angelica</Username>
      </User>
    </InvestorAttendees>
    <BrokerAttendees>
      <User>
        <Id>1000001</Id>
        <Username>Vasya</Username>
      </User>
      <User>
        <Id>1000002</Id>
        <Username>Petya</Username>
      </User>
      <User>
        <Id>1000003</Id>
        <Username>Janetta</Username>
      </User>
      <User>
        <Id>1000004</Id>
        <Username>John</Username>
      </User>
      <User>
        <Id>1000005</Id>
        <Username>Vovan</Username>
      </User>
      <User>
        <Id>1000006</Id>
        <Username>Angelica</Username>
      </User>
      <User>
        <Id>1000007</Id>
        <Username>Aleksandr</Username>
      </User>
      <User>
        <Id>1000008</Id>
        <Username>Gertruda</Username>
      </User>
    </BrokerAttendees>
    <Duration>7723</Duration>
    <Sectors>
      <Sectors>Energy</Sectors>
      <Sectors>Financials</Sectors>
      <Sectors>HealthCare</Sectors>
      <Sectors>Macro</Sectors>
      <Sectors>Other</Sectors>
      <Sectors>TelecommunicationServices</Sectors>
      <Sectors>Utilities</Sectors>
    </Sectors>
    <AddressType>Home</AddressType>
    <Created>2018-01-21T14:57:39.4178464+04:00</Created>
    <Updated>2018-01-29T22:57:39.4178464+04:00</Updated>
  </Event>
</ArrayOfEvent>